{
  "project_info": {
    "project_number": "655513594916",
    "firebase_url": "https://myapplication-42fbf.firebaseio.com",
    "project_id": "myapplication-42fbf",
    "storage_bucket": "myapplication-42fbf.appspot.com"
  },
  "client": [
    {
      "client_info": {
        "mobilesdk_app_id": "1:655513594916:android:38b38b66c75cd4bf0dfcb1",
        "android_client_info": {
          "package_name": "com.example.n3333.myapplication"
        }
      },
      "oauth_client": [
        {
          "client_id": "655513594916-96a4e7qa0tbotb6b4g9smtpberpgnp9h.apps.googleusercontent.com",
          "client_type": 1,
          "android_info": {
            "package_name": "com.example.n3333.myapplication",
            "certificate_hash": "86db9ecc7b706b0b4382fa5a448800ccf6f45c03"
          }
        },
        {
          "client_id": "655513594916-vme6qtohmaanvtuq9q5vr8qi5a9pt5a4.apps.googleusercontent.com",
          "client_type": 3
        }
      ],
      "api_key": [
        {
          "current_key": "AIzaSyDIN3fWa8bXlk61A6Njx-vqQBAoiRH6dhA"
        }
      ],
      "services": {
        "appinvite_service": {
          "other_platform_oauth_client": [
            {
              "client_id": "655513594916-vme6qtohmaanvtuq9q5vr8qi5a9pt5a4.apps.googleusercontent.com",
              "client_type": 3
            }
          ]
        }
      }
    }
  ],
  "configuration_version": "1"
}